Component,Quantity
Rückschlagventil,1
Dreiwegventil,2
Durchgangsventil,4
Motor. Durchgangsventil,1
Motor. Dreiwegventil,1
Sicherheitsventil,2
Schieber,1
Drosselventil,1
Druckreduzierventil,1
Vierwegventil,1
Wärmezähler,2
Schmutzfänger,1
Absperrklappe,1
Motor. Absperrklappe,1
Rückschlagklappe,1
Drosselklappe,1
KugelhahnenDurchgangsventil,1
Entlüfter,1
EntleerungPumpe,1
Verdichter,1
Ölbrenner,1
Gasbrenner,1
Holzbrenner,1
Elektrisch,1
Wärmepumpe,1
Sonnenenergie,1
Absperrung,1
Pressostat,2
PH Messung,1
Füllstation,1
Füllschlauch,1
Raccords,2
Absperrhähnen,2
Manometer,1
Nachfüllpatrone,1
Schaltschrank,1
Übergabestation,1
Energiespeicher,1
Umwälzpumpe,2
Ausdehnungsgefäss,1
Dreiwegventil Beimischung,1
Heiz-Register Umluft Verkauf,1
